epoch,train_loss,val_loss,val_top1,val_top5
0,1.8692894159857907,1.7452096565096986,44.58741760253906,87.15277099609375
