epoch,train_loss,val_loss,val_top1,val_top5
0,1.8978777560428601,1.7588677032321107,43.72957229614258,87.03022766113281
1,1.098134250486668,1.8446580148210712,42.52450942993164,86.54003143310547
2,0.44857649186357335,2.031139060562732,44.21976852416992,84.6200942993164
3,0.13449316110406348,2.14015858781104,44.832515716552734,82.7818603515625
4,0.047061623338220726,2.2246268870783785,44.21976852416992,83.06781005859375
