epoch,train_loss,val_loss,val_top1,val_top5
0,1.7975043710784533,1.7994646278082156,44.321895599365234,87.39787292480469
1,1.4417744771165042,1.806565242655137,44.485294342041016,87.11193084716797
2,1.0034765138554929,2.027041283308291,40.992645263671875,84.29330444335938
3,0.5586877965289562,2.449807926720264,39.86928176879883,82.43463897705078
4,0.30845264528891936,2.9538741252001595,39.50163650512695,81.27042388916016
