epoch,train_loss,val_loss,val_top1,val_top5
0,1.7930136770751346,1.713050830597971,45.4656867980957,88.2557144165039
