epoch,train_loss,val_loss,val_top1,val_top5
0,1.8536324020641952,1.7441152848449408,43.54574966430664,86.84640502929688
1,1.0897523336742647,1.8291310212191414,44.54656982421875,86.02941131591797
